{"cameraMode":{"drawMode":0,"name":"Shaded","section":"Shading Mode"},"sceneLighting":false,"audioPlay":false,"sceneViewState":{"showFog":true,"showMaterialUpdate":false,"showSkybox":true,"showFlares":true,"showImageEffects":true,"showParticleSystems":true},"in2DMode":false,"pivot":{"x":20.709667205810548,"y":6.612676620483398,"z":-6.576475143432617},"rotation":{"x":0.015016991645097733,"y":0.9829042553901672,"z":-0.09346908330917359,"w":0.15791557729244233},"size":22.0,"orthographic":false}