{"cameraMode":{"drawMode":0,"name":"Shaded","section":"Shading Mode"},"sceneLighting":false,"audioPlay":false,"sceneViewState":{"showFog":true,"showMaterialUpdate":false,"showSkybox":true,"showFlares":true,"showImageEffects":true,"showParticleSystems":true},"in2DMode":false,"pivot":{"x":-1.1679341793060303,"y":4.122796535491943,"z":0.7669962644577026},"rotation":{"x":0.2838253378868103,"y":0.5410051345825195,"z":-0.2004912942647934,"w":0.7658720016479492},"size":5.14523458480835,"orthographic":false}