{"cameraMode":{"drawMode":0,"name":"Shaded","section":"Shading Mode"},"sceneLighting":false,"audioPlay":false,"sceneViewState":{"showFog":true,"showMaterialUpdate":false,"showSkybox":true,"showFlares":true,"showImageEffects":true,"showParticleSystems":true},"in2DMode":false,"pivot":{"x":1.5151138305664063,"y":-0.09057092666625977,"z":0.7975913286209106},"rotation":{"x":0.20908720791339875,"y":0.6809529066085815,"z":-0.21289578080177308,"w":0.6687758564949036},"size":4.171332359313965,"orthographic":false}