{"cameraMode":{"drawMode":0,"name":"Shaded","section":"Shading Mode"},"sceneLighting":false,"audioPlay":false,"sceneViewState":{"showFog":true,"showMaterialUpdate":false,"showSkybox":true,"showFlares":true,"showImageEffects":true,"showParticleSystems":true},"in2DMode":false,"pivot":{"x":0.1822410225868225,"y":1.4022026062011719,"z":0.6134998202323914},"rotation":{"x":-0.47422024607658389,"y":0.4958203434944153,"z":-0.37841206789016726,"w":-0.6213547587394714},"size":3.046440362930298,"orthographic":false}