{"cameraMode":{"drawMode":0,"name":"Shaded","section":"Shading Mode"},"sceneLighting":false,"audioPlay":false,"sceneViewState":{"showFog":true,"showMaterialUpdate":false,"showSkybox":true,"showFlares":true,"showImageEffects":true,"showParticleSystems":true},"in2DMode":false,"pivot":{"x":-7.718299865722656,"y":0.07557225227355957,"z":-8.264453887939454},"rotation":{"x":-0.04133031889796257,"y":0.9317631125450134,"z":-0.1123519241809845,"w":-0.34276291728019717},"size":12.660858154296875,"orthographic":false}