{"cameraMode":{"drawMode":0,"name":"Shaded","section":"Shading Mode"},"sceneLighting":false,"audioPlay":false,"sceneViewState":{"showFog":true,"showMaterialUpdate":false,"showSkybox":true,"showFlares":true,"showImageEffects":true,"showParticleSystems":true},"in2DMode":false,"pivot":{"x":5.066394805908203e-7,"y":1.2132666110992432,"z":-2.397906541824341},"rotation":{"x":-0.017017927020788194,"y":0.9814253449440002,"z":-0.1043219193816185,"w":-0.16009899973869325},"size":5.165837287902832,"orthographic":false}