{"cameraMode":{"drawMode":0,"name":"Shaded","section":"Shading Mode"},"sceneLighting":false,"audioPlay":false,"sceneViewState":{"showFog":true,"showMaterialUpdate":false,"showSkybox":true,"showFlares":true,"showImageEffects":true,"showParticleSystems":true},"in2DMode":false,"pivot":{"x":0.33600354194641116,"y":1.9149112701416016,"z":-1.2337563037872315},"rotation":{"x":-0.048207372426986697,"y":-0.9490483999252319,"z":0.18006615340709687,"w":-0.2540856897830963},"size":5.707342624664307,"orthographic":false}