{"cameraMode":{"drawMode":0,"name":"Shaded","section":"Shading Mode"},"sceneLighting":false,"audioPlay":false,"sceneViewState":{"showFog":true,"showMaterialUpdate":false,"showSkybox":true,"showFlares":true,"showImageEffects":true,"showParticleSystems":true},"in2DMode":false,"pivot":{"x":-2.9649243354797365,"y":-1.5116498470306397,"z":-5.235065937042236},"rotation":{"x":-0.022323420271277429,"y":0.9271619915962219,"z":-0.3697829246520996,"w":-0.05597272515296936},"size":26.691303253173829,"orthographic":false}