{"cameraMode":{"drawMode":0,"name":"Shaded","section":"Shading Mode"},"sceneLighting":false,"audioPlay":false,"sceneViewState":{"showFog":true,"showMaterialUpdate":false,"showSkybox":true,"showFlares":true,"showImageEffects":true,"showParticleSystems":true},"in2DMode":false,"pivot":{"x":-4.894323348999023,"y":5.204291820526123,"z":3.46081805229187},"rotation":{"x":-0.17845003306865693,"y":0.7018085718154907,"z":-0.18880920112133027,"w":-0.6633034944534302},"size":29.17995262145996,"orthographic":false}