{"cameraMode":{"drawMode":0,"name":"Shaded","section":"Shading Mode"},"sceneLighting":false,"audioPlay":false,"sceneViewState":{"showFog":true,"showMaterialUpdate":false,"showSkybox":true,"showFlares":true,"showImageEffects":true,"showParticleSystems":true},"in2DMode":false,"pivot":{"x":28.55697250366211,"y":1.0687896013259888,"z":38.20655059814453},"rotation":{"x":0.3106107711791992,"y":0.6552980542182922,"z":-0.3399202227592468,"w":0.5987985134124756},"size":4.171334743499756,"orthographic":false}