{"cameraMode":{"drawMode":0,"name":"Shaded","section":"Shading Mode"},"sceneLighting":false,"audioPlay":false,"sceneViewState":{"showFog":true,"showMaterialUpdate":false,"showSkybox":true,"showFlares":true,"showImageEffects":true,"showParticleSystems":true},"in2DMode":false,"pivot":{"x":-21.31999969482422,"y":2.9600000381469728,"z":-26.809999465942384},"rotation":{"x":0.06592031568288803,"y":-0.031128903850913049,"z":-0.0020579604897648098,"w":-0.9973371028900147},"size":22.0,"orthographic":false}