{"cameraMode":{"drawMode":0,"name":"Shaded","section":"Shading Mode"},"sceneLighting":false,"audioPlay":false,"sceneViewState":{"showFog":true,"showMaterialUpdate":false,"showSkybox":true,"showFlares":true,"showImageEffects":true,"showParticleSystems":true},"in2DMode":false,"pivot":{"x":23.206838607788087,"y":6.023036003112793,"z":22.204021453857423},"rotation":{"x":-0.38919904828071597,"y":-0.5516765713691711,"z":0.3239823579788208,"w":-0.6627311110496521},"size":2.5340945720672609,"orthographic":false}