{"cameraMode":{"drawMode":0,"name":"Shaded","section":"Shading Mode"},"sceneLighting":false,"audioPlay":false,"sceneViewState":{"showFog":true,"showMaterialUpdate":false,"showSkybox":true,"showFlares":true,"showImageEffects":true,"showParticleSystems":true},"in2DMode":false,"pivot":{"x":-66.97523498535156,"y":4.858221054077148,"z":175.77755737304688},"rotation":{"x":-0.07185926288366318,"y":-0.9158573746681213,"z":0.34630087018013,"w":-0.19004543125629426},"size":7.953805923461914,"orthographic":false}