{"cameraMode":{"drawMode":0,"name":"Shaded","section":"Shading Mode"},"sceneLighting":true,"audioPlay":false,"sceneViewState":{"showFog":true,"showMaterialUpdate":false,"showSkybox":true,"showFlares":true,"showImageEffects":true,"showParticleSystems":true},"in2DMode":false,"pivot":{"x":15.258086204528809,"y":-6.600339889526367,"z":11.629077911376954},"rotation":{"x":-0.17234839498996736,"y":0.6813277006149292,"z":-0.16998663544654847,"w":-0.6907917261123657},"size":31.013446807861329,"orthographic":false}