{"cameraMode":{"drawMode":0,"name":"Shaded","section":"Shading Mode"},"sceneLighting":false,"audioPlay":false,"sceneViewState":{"showFog":true,"showMaterialUpdate":false,"showSkybox":true,"showFlares":true,"showImageEffects":true,"showParticleSystems":true},"in2DMode":false,"pivot":{"x":0.8299999237060547,"y":1.4901161193847657e-8,"z":-0.18000003695487977},"rotation":{"x":-0.09969450533390045,"y":-0.5202822089195252,"z":0.06131577864289284,"w":-0.8459360599517822},"size":5.039796829223633,"orthographic":false}