{"cameraMode":{"drawMode":0,"name":"Shaded","section":"Shading Mode"},"sceneLighting":false,"audioPlay":false,"sceneViewState":{"showFog":true,"showMaterialUpdate":false,"showSkybox":true,"showFlares":true,"showImageEffects":true,"showParticleSystems":true},"in2DMode":false,"pivot":{"x":-12.925827980041504,"y":-11.667047500610352,"z":0.41466188430786135},"rotation":{"x":-0.2617259919643402,"y":0.6708552837371826,"z":-0.2757587432861328,"w":-0.6367180943489075},"size":43.316062927246097,"orthographic":false}