{"cameraMode":{"drawMode":0,"name":"Shaded","section":"Shading Mode"},"sceneLighting":false,"audioPlay":false,"sceneViewState":{"showFog":true,"showMaterialUpdate":false,"showSkybox":true,"showFlares":true,"showImageEffects":true,"showParticleSystems":true},"in2DMode":false,"pivot":{"x":3.7422266006469728,"y":3.607459545135498,"z":3.1310548782348635},"rotation":{"x":-0.06303422898054123,"y":0.9295562505722046,"z":-0.18881642818450929,"w":-0.31032291054725649},"size":7.766897201538086,"orthographic":false}