{"cameraMode":{"drawMode":0,"name":"Shaded","section":"Shading Mode"},"sceneLighting":false,"audioPlay":false,"sceneViewState":{"showFog":true,"showMaterialUpdate":false,"showSkybox":true,"showFlares":true,"showImageEffects":true,"showParticleSystems":true},"in2DMode":false,"pivot":{"x":551.5081176757813,"y":492.0167236328125,"z":-148.8085479736328},"rotation":{"x":-0.0957210510969162,"y":-0.8751173615455627,"z":0.19339682161808015,"w":-0.43313363194465639},"size":607.3297119140625,"orthographic":false}