{"cameraMode":{"drawMode":0,"name":"Shaded","section":"Shading Mode"},"sceneLighting":false,"audioPlay":false,"sceneViewState":{"showFog":true,"showMaterialUpdate":false,"showSkybox":true,"showFlares":true,"showImageEffects":true,"showParticleSystems":true},"in2DMode":false,"pivot":{"x":-67.74836730957031,"y":4.941659927368164,"z":175.92747497558595},"rotation":{"x":-0.0013050128472968937,"y":-0.4931386709213257,"z":0.0007398045272566378,"w":-0.8699494004249573},"size":2.469752788543701,"orthographic":false}