{"cameraMode":{"drawMode":0,"name":"Shaded","section":"Shading Mode"},"sceneLighting":false,"audioPlay":false,"sceneViewState":{"showFog":true,"showMaterialUpdate":false,"showSkybox":true,"showFlares":true,"showImageEffects":true,"showParticleSystems":true},"in2DMode":false,"pivot":{"x":32.415000915527347,"y":1.0,"z":62.51499938964844},"rotation":{"x":0.28644946217536929,"y":0.36229830980300906,"z":-0.11805753409862519,"w":0.8790614604949951},"size":8.605255126953125,"orthographic":false}