{"cameraMode":{"drawMode":0,"name":"Shaded","section":"Shading Mode"},"sceneLighting":false,"audioPlay":false,"sceneViewState":{"showFog":true,"showMaterialUpdate":false,"showSkybox":true,"showFlares":true,"showImageEffects":true,"showParticleSystems":true},"in2DMode":false,"pivot":{"x":-0.5334250330924988,"y":-1.3589982986450196,"z":-6.632733345031738},"rotation":{"x":-0.0037891040556132795,"y":-0.9749851822853088,"z":0.22161170840263368,"w":-0.016668707132339479},"size":10.79292106628418,"orthographic":false}