{"cameraMode":{"drawMode":0,"name":"Shaded","section":"Shading Mode"},"sceneLighting":false,"audioPlay":false,"sceneViewState":{"showFog":true,"showMaterialUpdate":false,"showSkybox":true,"showFlares":true,"showImageEffects":true,"showParticleSystems":true},"in2DMode":false,"pivot":{"x":-2.057291030883789,"y":0.21443989872932435,"z":-4.923901081085205},"rotation":{"x":-0.059260327368974689,"y":0.9245834350585938,"z":-0.1610923856496811,"w":-0.34012216329574587},"size":11.657901763916016,"orthographic":false}