{"cameraMode":{"drawMode":0,"name":"Shaded","section":"Shading Mode"},"sceneLighting":true,"audioPlay":false,"sceneViewState":{"showFog":true,"showMaterialUpdate":false,"showSkybox":true,"showFlares":true,"showImageEffects":true,"showParticleSystems":true},"in2DMode":false,"pivot":{"x":45.42112731933594,"y":-1.3168907165527344,"z":80.63809204101563},"rotation":{"x":-0.20954573154449464,"y":-0.6279622912406921,"z":0.18091720342636109,"w":-0.7273396849632263},"size":82.06897735595703,"orthographic":false}