{"cameraMode":{"drawMode":0,"name":"Shaded","section":"Shading Mode"},"sceneLighting":false,"audioPlay":false,"sceneViewState":{"showFog":true,"showMaterialUpdate":false,"showSkybox":true,"showFlares":true,"showImageEffects":true,"showParticleSystems":true},"in2DMode":false,"pivot":{"x":679.3429565429688,"y":519.3350219726563,"z":-6.977940082550049},"rotation":{"x":-0.21940059959888459,"y":-0.6364546418190002,"z":0.19583231210708619,"w":-0.7130488753318787},"size":387.40972900390627,"orthographic":false}