{"cameraMode":{"drawMode":0,"name":"Shaded","section":"Shading Mode"},"sceneLighting":false,"audioPlay":false,"sceneViewState":{"showFog":true,"showMaterialUpdate":false,"showSkybox":true,"showFlares":true,"showImageEffects":true,"showParticleSystems":true},"in2DMode":false,"pivot":{"x":-0.597273588180542,"y":0.9738372564315796,"z":0.9342880249023438},"rotation":{"x":0.3655245006084442,"y":0.6070208549499512,"z":-0.3688470721244812,"w":0.6015558242797852},"size":5.819619178771973,"orthographic":false}