{"cameraMode":{"drawMode":0,"name":"Shaded","section":"Shading Mode"},"sceneLighting":false,"audioPlay":false,"sceneViewState":{"showFog":true,"showMaterialUpdate":false,"showSkybox":true,"showFlares":true,"showImageEffects":true,"showParticleSystems":true},"in2DMode":false,"pivot":{"x":411.5953369140625,"y":636.1396484375,"z":39.55945587158203},"rotation":{"x":0.05097378417849541,"y":-0.013184350915253163,"z":-0.0006734447088092566,"w":-0.9986127614974976},"size":1221.290771484375,"orthographic":false}