{"cameraMode":{"drawMode":0,"name":"Shaded","section":"Shading Mode"},"sceneLighting":false,"audioPlay":false,"sceneViewState":{"showFog":true,"showMaterialUpdate":false,"showSkybox":true,"showFlares":true,"showImageEffects":true,"showParticleSystems":true},"in2DMode":false,"pivot":{"x":1.1332710981369019,"y":2.674438953399658,"z":0.7918963432312012},"rotation":{"x":-0.024162182584404947,"y":0.9747710824012756,"z":-0.17828390002250672,"w":-0.13210727274417878},"size":2.779829740524292,"orthographic":false}